{"cameraMode":{"drawMode":0,"name":"Shaded","section":"Shading Mode"},"sceneLighting":false,"audioPlay":false,"sceneViewState":{"m_AlwaysRefresh":false,"showFog":false,"showSkybox":false,"showFlares":false,"showImageEffects":false,"showParticleSystems":false,"showVisualEffectGraphs":true,"m_FxEnabled":true},"in2DMode":false,"pivot":{"x":0.25858575105667117,"y":0.7093877792358398,"z":-0.3220301866531372},"rotation":{"x":0.05876579135656357,"y":-0.9391651153564453,"z":0.2693580389022827,"w":0.20488286018371583},"size":1.8407742977142335,"orthographic":false}