{"cameraMode":{"drawMode":0,"name":"Shaded","section":"Shading Mode"},"sceneLighting":false,"audioPlay":false,"sceneViewState":{"m_AlwaysRefresh":false,"showFog":false,"showSkybox":false,"showFlares":false,"showImageEffects":false,"showParticleSystems":false,"showVisualEffectGraphs":true,"m_FxEnabled":true},"in2DMode":false,"pivot":{"x":-0.04328787326812744,"y":0.6528562307357788,"z":-0.04702198505401611},"rotation":{"x":-0.2304290384054184,"y":0.049042779952287677,"z":-0.011608831584453583,"w":-0.9718217849731445},"size":1.9172943830490113,"orthographic":false}